name	chrom	declared_start_1based	declared_end_1based	start_1based	end_1based	strand	pool	placement_source	bed_mismatch_count	length_nt	oligo_sequence	reference_sense_sequence
nCoV-2019_1_LEFT	NC_045512.2	31	54	31	54	+	1	bed	0	24	ACCAACCAACTTTCGATCTCTTGT	ACCAACCAACTTTCGATCTCTTGT
nCoV-2019_1_RIGHT	NC_045512.2	1184	1205	1184	1205	-	1	bed	0	22	GGTTGCATTCATTTGGTGACGC	GCGTCACCAAATGAATGCAACC
nCoV-2019_2_LEFT	NC_045512.2	1101	1128	1101	1128	+	2	bed	0	28	CCATAATCAAGACTATTCAACCAAGGGT	CCATAATCAAGACTATTCAACCAAGGGT
nCoV-2019_2_RIGHT	NC_045512.2	2245	2266	2245	2266	-	2	bed	0	22	ACAGGTGACAATTTGTCCACCG	CGGTGGACAAATTGTCACCTGT
nCoV-2019_3_LEFT	NC_045512.2	2154	2179	2154	2179	+	1	bed	0	26	GGCTTGAAGAGAAGTTTAAGGAAGGT	GGCTTGAAGAGAAGTTTAAGGAAGGT
nCoV-2019_3_RIGHT	NC_045512.2	3236	3257	3236	3257	-	1	bed	0	22	GATTGTCCTCACTGCCGTCTTG	CAAGACGGCAGTGAGGACAATC
nCoV-2019_4_LEFT	NC_045512.2	3145	3166	3145	3166	+	2	bed	0	22	GGAATTTGGTGCCACTTCTGCT	GGAATTTGGTGCCACTTCTGCT
nCoV-2019_4_RIGHT	NC_045512.2	4241	4262	4241	4262	-	2	bed	0	22	CCTGACCCGGGTAAGTGGTTAT	ATAACCACTTACCCGGGTCAGG
nCoV-2019_5_LEFT	NC_045512.2	4168	4189	4168	4189	+	1	bed_with_mismatches	1	22	ACCTACTAAAAAGGCTAGTGGC	ACCTACTAAAAAGGCTAGTGGC
nCoV-2019_5_RIGHT	NC_045512.2	5338	5359	5338	5359	-	1	bed	0	22	AGCATCTTGTAGAGCAGGTGGA	TCCACCTGCTCTACAAGATGCT
nCoV-2019_6_LEFT	NC_045512.2	5258	5286	5258	5286	+	2	bed	0	29	ACTTCTATTAAATGGGCAGATAACAACTG	ACTTCTATTAAATGGGCAGATAACAACTG
nCoV-2019_6_RIGHT	NC_045512.2	6359	6380	6359	6380	-	2	bed	0	22	GATTATCCATTCCCTGCGCGTC	GACGCGCAGGGAATGGATAATC
nCoV-2019_7_LEFT	NC_045512.2	6284	6307	6284	6307	+	1	bed	0	24	ACCTGGTGTATACGTTGTCTTTGG	ACCTGGTGTATACGTTGTCTTTGG
nCoV-2019_7_RIGHT	NC_045512.2	7380	7401	7380	7401	-	1	bed	0	22	GCTGAAATCGGGGCCATTTGTA	TACAAATGGCCCCGATTTCAGC
nCoV-2019_8_LEFT	NC_045512.2	7299	7328	7299	7328	+	2	bed	0	30	CAATCATGCAATTGTTTTTCAGCTATTTTG	CAATCATGCAATTGTTTTTCAGCTATTTTG
nCoV-2019_8_RIGHT	NC_045512.2	8364	8385	8364	8385	-	2	bed	0	22	TGACTTTTTGCTACCTGCGCAT	ATGCGCAGGTAGCAAAAAGTCA
nCoV-2019_9_LEFT	NC_045512.2	8254	8282	8254	8282	+	1	bed	0	29	AGAAGTTACTGGCGATAGTTGTAATAACT	AGAAGTTACTGGCGATAGTTGTAATAACT
nCoV-2019_9_RIGHT	NC_045512.2	9379	9400	9379	9400	-	1	bed	0	22	TGCTGATATGTCCAAAGCACCA	TGGTGCTTTGGACATATCAGCA
nCoV-2019_10_LEFT	NC_045512.2	9304	9327	9304	9327	+	2	bed	0	24	TTTACCAGGAGTTTTCTGTGGTGT	TTTACCAGGAGTTTTCTGTGGTGT
nCoV-2019_10_RIGHT	NC_045512.2	10430	10451	10430	10451	-	2	bed_with_mismatches	2	22	TGTGTCTCATAGCACATTGGTA	TACCAATGTGCTATGAGACACA
nCoV-2019_11_LEFT	NC_045512.2	10344	10370	10344	10370	+	1	bed	0	27	AGACACCTAAGTATAAGTTTGTTCGCA	AGACACCTAAGTATAAGTTTGTTCGCA
nCoV-2019_11_RIGHT	NC_045512.2	11448	11469	11448	11469	-	1	bed	0	22	GCCCACATGGAAATGGCTTGAT	ATCAAGCCATTTCCATGTGGGC
nCoV-2019_12_LEFT	NC_045512.2	11373	11394	11373	11394	+	2	bed	0	22	ATGGTGCTAGGAGAGTGTGGAC	ATGGTGCTAGGAGAGTGTGGAC
nCoV-2019_12_RIGHT	NC_045512.2	12539	12560	12539	12560	-	2	bed	0	22	GGATTTCCCACAATGCTGATGC	GCATCAGCATTGTGGGAAATCC
nCoV-2019_13_LEFT	NC_045512.2	12451	12473	12451	12473	+	1	bed	0	23	ACCTCTTACAACAGCAGCCAAAC	ACCTCTTACAACAGCAGCCAAAC
nCoV-2019_13_RIGHT	NC_045512.2	13600	13621	13600	13621	-	1	bed	0	22	CGTCCTTTTCTTGGAAGCGACA	TGTCGCTTCCAAGAAAAGGACG
nCoV-2019_14_LEFT	NC_045512.2	13510	13532	13510	13532	+	2	bed	0	23	ACAGGCACTAGTACTGATGTCGT	ACAGGCACTAGTACTGATGTCGT
nCoV-2019_14_RIGHT	NC_045512.2	14620	14641	14620	14641	-	2	bed	0	22	GTGCAGCTACTGAAAAGCACGT	ACGTGCTTTTCAGTAGCTGCAC
nCoV-2019_15_LEFT	NC_045512.2	14541	14568	14541	14568	+	1	bed	0	28	TTTTAAGGAATTACTTGTGTATGCTGCT	TTTTAAGGAATTACTTGTGTATGCTGCT
nCoV-2019_15_RIGHT	NC_045512.2	15714	15735	15714	15735	-	1	bed	0	22	ACACACAACAGCATCGTCAGAG	CTCTGACGATGCTGTTGTGTGT
nCoV-2019_16_LEFT	NC_045512.2	15609	15634	15609	15634	+	2	bed	0	26	ACAACACAGACTTTATGAGTGTCTCT	ACAACACAGACTTTATGAGTGTCTCT
nCoV-2019_16_RIGHT	NC_045512.2	16699	16720	16699	16720	-	2	bed	0	22	CTCTGTCAGACAGCACTTCACG	CGTGAAGTGCTGTCTGACAGAG
nCoV-2019_17_LEFT	NC_045512.2	16625	16647	16625	16647	+	1	bed	0	23	TCAAGCTTTTTGCAGCAGAAACG	TCAAGCTTTTTGCAGCAGAAACG
nCoV-2019_17_RIGHT	NC_045512.2	17733	17754	17733	17754	-	1	bed	0	22	CCAAGCAGGGTTACGTGTAAGG	CCTTACACGTAACCCTGCTTGG
nCoV-2019_18_LEFT	NC_045512.2	17623	17649	17623	17649	+	2	bed	0	27	GCACATAAAGACAAATCAGCTCAATGC	GCACATAAAGACAAATCAGCTCAATGC
nCoV-2019_18_RIGHT	NC_045512.2	18685	18706	18685	18706	-	2	bed	0	22	TGTCTGAAGCAGTGGAAAAGCA	TGCTTTTCCACTGCTTCAGACA
nCoV-2019_19_LEFT	NC_045512.2	18597	18618	18597	18618	+	1	bed	0	22	GGCACATGGCTTTGAGTTGACA	GGCACATGGCTTTGAGTTGACA
nCoV-2019_19_RIGHT	NC_045512.2	19656	19678	19656	19678	-	1	bed	0	23	CCTGTTGTCCATCAAAGTGTCCC	GGGACACTTTGATGGACAACAGG
nCoV-2019_20_LEFT	NC_045512.2	19575	19604	19575	19604	+	2	bed	0	30	ACAATTTGATACTTATAACCTCTGGAACAC	ACAATTTGATACTTATAACCTCTGGAACAC
nCoV-2019_20_RIGHT	NC_045512.2	20677	20698	20677	20698	-	2	bed	0	22	GATTAGGCATAGCAACACCCGG	CCGGGTGTTGCTATGCCTAATC
nCoV-2019_21_LEFT	NC_045512.2	20554	20581	20554	20581	+	1	bed	0	28	TCTGTAGTTTCTAAGGTTGTCAAAGTGA	TCTGTAGTTTCTAAGGTTGTCAAAGTGA
nCoV-2019_21_RIGHT	NC_045512.2	21621	21642	21621	21642	-	1	bed	0	22	GCAGGGGGTAATTGAGTTCTGG	CCAGAACTCAATTACCCCCTGC
nCoV-2019_22_LEFT	NC_045512.2	21533	21562	21533	21562	+	2	bed	0	30	GTGATGTTCTTGTTAACAACTAAACGAACA	GTGATGTTCTTGTTAACAACTAAACGAACA
nCoV-2019_22_RIGHT	NC_045512.2	22591	22612	22591	22612	-	2	bed	0	22	AACAGATGCAAATCTGGTGGCG	CGCCACCAGATTTGCATCTGTT
nCoV-2019_23_LEFT	NC_045512.2	22512	22537	22512	22537	+	1	bed	0	26	ACTTTAGAGTCCAACCAACAGAATCT	ACTTTAGAGTCCAACCAACAGAATCT
nCoV-2019_23_RIGHT	NC_045512.2	23610	23631	23610	23631	-	1	bed	0	22	TGACTAGCTACACTACGTGCCC	GGGCACGTAGTGTAGCTAGTCA
nCoV-2019_24_LEFT	NC_045512.2	23519	23544	23519	23544	+	2	bed	0	26	GCTGAACATGTCAACAACTCATATGA	GCTGAACATGTCAACAACTCATATGA
nCoV-2019_24_RIGHT	NC_045512.2	24715	24736	24715	24736	-	2	bed	0	22	ATGAGGTGCTGACTGAGGGAAG	CTTCCCTCAGTCAGCACCTCAT
nCoV-2019_25_LEFT	NC_045512.2	24634	24658	24634	24658	+	1	bed	0	25	TGCTGCTACTAAAATGTCAGAGTGT	TGCTGCTACTAAAATGTCAGAGTGT
nCoV-2019_25_RIGHT	NC_045512.2	25769	25790	25769	25790	-	1	bed	0	22	CATTTCCAGCAAAGCCAAAGCC	GGCTTTGGCTTTGCTGGAAATG
nCoV-2019_26_LEFT	NC_045512.2	25691	25712	25691	25712	+	2	bed	0	22	GCCTTGAAGCCCCTTTTCTCTA	GCCTTGAAGCCCCTTTTCTCTA
nCoV-2019_26_RIGHT	NC_045512.2	26836	26857	26836	26857	-	2	bed	0	22	AATGACCACATGGAACGCGTAC	GTACGCGTTCCATGTGGTCATT
nCoV-2019_27_LEFT	NC_045512.2	26745	26766	26745	26766	+	1	bed	0	22	TGGATCACCGGTGGAATTGCTA	TGGATCACCGGTGGAATTGCTA
nCoV-2019_27_RIGHT	NC_045512.2	27873	27894	27873	27894	-	1	bed	0	22	TGTTCGTTTAGGCGTGACAAGT	ACTTGTCACGCCTAAACGAACA
nCoV-2019_28_LEFT	NC_045512.2	27785	27808	27785	27808	+	2	bed	0	24	TTTGTGCTTTTTAGCCTTTCTGCT	TTTGTGCTTTTTAGCCTTTCTGCT
nCoV-2019_28_RIGHT	NC_045512.2	28986	29007	28986	29007	-	2	bed	0	22	GTTTGGCCTTGTTGTTGTTGGC	GCCAACAACAACAAGGCCAAAC
nCoV-2019_29_LEFT	NC_045512.2	28678	28699	28678	28699	+	1	bed	0	22	TGAGGGAGCCTTGAATACACCA	TGAGGGAGCCTTGAATACACCA
nCoV-2019_29_RIGHT	NC_045512.2	29769	29790	29769	29790	-	1	bed	0	22	TAGGCAGCTCTCCCTAGCATTG	CAATGCTAGGGAGAGCTGCCTA
nCoV-2019_22_RIGHT_2	NC_045512.2	22591	22612	22591	22612	-	2	bed_with_mismatches	1	22	AACAGATGCAAATTTGGTGGCG	CGCCACCAAATTTGCATCTGTT
nCoV-2019_23_LEFT_2	NC_045512.2	22512	22537	22512	22537	+	1	bed_with_mismatches	1	26	ACTTTAGAGTTCAACCAACAGAATCT	ACTTTAGAGTTCAACCAACAGAATCT
nCoV-2019_26_LEFT_2	NC_045512.2	25691	25712	25691	25712	+	2	bed_with_mismatches	1	22	GCCTTGAAGCCCCTTTTTTCTA	GCCTTGAAGCCCCTTTTTTCTA
nCoV-2019_28_LEFT_2	NC_045512.2	27785	27808	27785	27808	+	2	bed_with_mismatches	1	24	TTTGTGCTTTTTAGCCTTTCTGTT	TTTGTGCTTTTTAGCCTTTCTGTT
nCoV-2019_21_RIGHT_2	NC_045512.2	21676	21700	21676	21700	-	1	bed	0	25	TGAGGATCTGAAAACTTTGTCAGGG	CCCTGACAAAGTTTTCAGATCCTCA
nCoV-2019_22_RIGHT_3	NC_045512.2	22591	22612	22591	22612	-	2	bed_with_mismatches	2	22	AACAGATGGAAATCTGGTGGCA	TGCCACCAGATTTCCATCTGTT
nCoV-2019_28_RIGHT_2	NC_045512.2	28986	29007	28986	29007	-	2	bed_with_mismatches	1	22	GTTTGGCCTTGATGTTGTTGGC	GCCAACAACATCAAGGCCAAAC
nCoV-2019_24_LEFT_2	NC_045512.2	23519	23544	23519	23544	+	2	bed_with_mismatches	2	26	GCTAAATATGTCAACAACTCATATGA	GCTAAATATGTCAACAACTCATATGA
nCoV-2019_28_LEFT_3	NC_045512.2	23519	23544	27201	27226	+	2	reference_match	21	26	GATGTTTCATCTCGTTGACTTTCAGG	GATGTTTCATCTCGTTGACTTTCAGG
nCoV-2019_27_RIGHT_2	NC_045512.2	27873	27894	28514	28539	-	1	reference_match	26	26	CTTCGGTAGTAGCCAATTTGGTCATC	GATGACCAAATTGGCTACTACCGAAG
